#meanDTcross, stdDTcross, Opt1_cross, Opt2_cross, Undec_cross, meanDTmddm, stdDTmddm, Opt1_mddm, Opt2_mdd, Undec_mddm
1.72804687,0.672291277032,0.64642,0.35358,0.0,1.44272429,1.30006165354,0.6266499999999999,0.37334,1e-05
