#meanDTcross, stdDTcross, Opt1_cross, Opt2_cross, Undec_cross, meanDTmddm, stdDTmddm, Opt1_mddm, Opt2_mdd, Undec_mddm
0.96381642,0.249614382162,0.69665,0.30335,0.0,0.87668499,0.719178023394,0.6426799999999999,0.35732,0.0
