#meanDTcross, stdDTcross, Opt1_cross, Opt2_cross, Undec_cross, meanDTmddm, stdDTmddm, Opt1_mddm, Opt2_mdd, Undec_mddm
1.80108944,0.691477086492,0.50114,0.49885999999999997,0.0,1.53189491,1.36600917143,0.50119,0.49878999999999996,2e-05
