#meanDTcross, stdDTcross, Opt1_cross, Opt2_cross, Undec_cross, meanDTmddm, stdDTmddm, Opt1_mddm, Opt2_mdd, Undec_mddm
1.37902328,0.471502759485,0.87312,0.12688,0.0,1.1077705,0.898109640024,0.8243299999999999,0.17567,0.0
