#meanDTcross, stdDTcross, Opt1_cross, Opt2_cross, Undec_cross, meanDTmddm, stdDTmddm, Opt1_mddm, Opt2_mdd, Undec_mddm
2.14670652,0.916053831181,0.49596000000000007,0.50404,0.0,1.89107438,1.79954557811,0.50122,0.49870000000000003,8e-05
